trial_id,date,status,implementation,deployment_tier,protocol,migration_trigger,path_validation_observed,tuple_change_observed,application_task,application_success,manual_intervention_required,failure_layer,artifact_dir,notes
quic-go-ec2-direct-origin-001,2026-06-23,PASS,quic-go,EC2 direct origin,QUIC transport stream,"client socket A -> socket B; AddPath -> Probe -> Switch",true,true,"before/after 1MiB stream payload",true,false,none,harness/results/aws-direct-origin-20260623T124641Z,"server observed client source port change 64273 -> 58085; qlog and pcap collected; AWS resources cleaned up"
quiche-local-path-event-timeline-001,2026-06-23,PASS,Cloudflare quiche,local direct origin,HTTP/3 over QUIC,"sample client --perform-migration; source port 53238 -> 61867",true,true,"GET / response",true,false,none,experiments/quiche-local/artifacts,"server observed new path, validation, and migration; qlog PATH_CHALLENGE/PATH_RESPONSE evidence; timeline in data/quiche-path-event-timeline.csv"
haproxy-local-h3-negative-control-001,2026-06-23,PASS_NEGATIVE_CONTROL,HAProxy 3.4.0,local proxy,HTTP/3 frontend to HTTP/1.1 origin,"quiche-client --perform-migration; source port 65415 -> 51818",false,true,"GET / via HAProxy during migration attempt",false,false,proxy-path-validation,experiments/haproxy-http3-negative-control,"curl and quiche no-migration H3 baselines passed; migration attempt sent 3 PATH_CHALLENGE frames and received 0 PATH_RESPONSE frames; new path validation_state=Failed"
aws-nlb-quic-feasibility-001,2026-06-23,PASS_FEASIBILITY,AWS NLB + s2n-quic,AWS control plane + local provider proof,QUIC/TCP_QUIC,"no packet migration; target group create/delete and CID provider proof",false,false,"create QUIC/TCP_QUIC target groups; compile s2n-quic AWS Server ID CID provider",true,false,none,experiments/aws-nlb-quic-feasibility-20260623,"ap-northeast-2 accepted QUIC and TCP_QUIC target groups; resources deleted; s2n-quic provider proof passed 2 tests"
s2n-quic-nlb-local-data-plane-001,2026-06-24,PASS,s2n-quic,AWS NLB local prerequisite proof,QUIC transport stream,"no network path migration; local CID-aware routing simulation plus s2n-quic echo",false,false,"local QUIC echo with AWS NLB QUIC-LB plaintext CID provider installed",true,false,none,experiments/s2n-quic-nlb-cid-provider/results/local-data-plane-20260623T161659Z,"generated target A/B CIDs use 0x00 + 8-byte Server ID + 7-byte nonce; simulated router selects target-a/target-b and rejects wrong CID; local echo_matches=true"
aws-nlb-quic-data-plane-001,2026-06-24,PASS,quic-go + AWS NLB,AWS NLB QUIC passthrough,QUIC transport stream,"client socket A -> socket B through NLB; AddPath -> Probe -> Switch",true,true,"before/after 64KiB stream payload",true,false,none,harness/results/aws-nlb-quic-dp-20260623T160418Z,"QUIC listener and two EC2 targets; QUIC-LB plaintext CID format 0x00 + 8-byte Server ID + 7-byte nonce; target-b received before and after streams; client source port changed 55957 -> 59355; AWS resources cleaned up"
aws-nlb-quic-malformed-cid-001,2026-06-24,PASS_NEGATIVE_CONTROL,quic-go + AWS NLB,AWS NLB QUIC passthrough,QUIC transport stream,"malformed server CID layout: 8-byte Server ID + 8-byte nonce",false,false,"before 64KiB stream payload",false,false,nlb-cid-format,harness/results/aws-nlb-quic-dp-20260623T155524Z,"client dial_success and server target-b accepted connection, but client sent 51 STREAM frames while server received 0; CloudWatch QUIC_Unknown_Server_ID_Packet_Drop_Count showed 59+2 drops"
aws-nlb-quic-wrong-server-id-001,2026-06-24,PASS_NEGATIVE_CONTROL,quic-go + AWS NLB,AWS NLB QUIC passthrough,QUIC transport handshake,"registered QuicServerId differs from server-generated CID Server ID",false,false,"dial before application payload",false,false,nlb-cid-server-id-mismatch,harness/results/aws-nlb-quic-negative-cid-20260623T162423Z,"target health was 2/2 healthy; client sent Initial CRYPTO packets and received 0 packets; server accepted no connection; AWS resources cleaned up"
aws-nlb-tcp-quic-443-001,2026-06-24,PASS,quic-go + AWS NLB,AWS NLB TCP_QUIC passthrough,QUIC transport stream,"client socket A -> socket B through TCP_QUIC :443 NLB; AddPath -> Probe -> Switch",true,true,"before/after 64KiB stream payload",true,false,none,harness/results/aws-nlb-tcp-quic-443-20260623T164138Z,"TCP_QUIC listener and target group on port 443; QUIC-LB plaintext CID format; target-b received before and after streams; client source port changed 57897 -> 56632; AWS resources cleaned up"
quic-go-local-h3-workload-001,2026-06-24,PASS,quic-go + HTTP/3,local direct origin,HTTP/3 over QUIC,"HTTP/3 POST upload before; AddPath -> Probe -> Switch; HTTP/3 GET download after",true,true,"before POST /upload 64KiB; after GET /download 64KiB",true,false,none,experiments/quic-go-min-repro/artifacts/local-h3-workload-check,"client source port changed 63819 -> 63361; server observed before remote 127.0.0.1:63819 and after remote 127.0.0.1:63361; h3 ALPN and qlog path validation observed; this is post-migration request continuity, not mid-flight task survival"
aws-nlb-h3-tcp-quic-443-001,2026-06-24,PASS,quic-go + AWS NLB,AWS NLB TCP_QUIC :443 passthrough,HTTP/3 over QUIC,"HTTP/3 POST upload before; AddPath -> Probe -> Switch through NLB; HTTP/3 GET download after",true,true,"before POST /upload 64KiB; after GET /download 64KiB",true,false,none,harness/results/aws-nlb-h3-tcp-quic-443-20260623T165841Z,"workload=h3; target-a received before/after HTTP/3 requests; client source port changed 54110 -> 50930; server observed remote addr change 211.60.158.133:54110 -> 211.60.158.133:50930; qlog ALPN h3 and PATH_CHALLENGE/PATH_RESPONSE; AWS resources cleaned up"
quic-go-local-h3-midflight-upload-001,2026-06-24,PASS,quic-go + HTTP/3,local direct origin,HTTP/3 over QUIC,"HTTP/3 POST /upload body in flight; migration triggered after threshold",true,true,"1MiB upload body",true,false,none,experiments/quic-go-min-repro/artifacts/local-h3-midflight-check/midflight-upload,"client final addr changed 53663 -> 63569; migration threshold 532480 bytes; server decoded full 1MiB upload; qlog ALPN h3 and PATH_CHALLENGE/PATH_RESPONSE observed"
quic-go-local-h3-midflight-download-001,2026-06-24,PASS,quic-go + HTTP/3,local direct origin,HTTP/3 over QUIC,"HTTP/3 streaming GET /download response in flight; migration triggered after threshold",true,true,"1MiB streaming download body",true,false,none,experiments/quic-go-min-repro/artifacts/local-h3-midflight-check/midflight-download,"client final addr changed 49959 -> 52767; migration threshold 524288 bytes; client decoded full 1MiB response; qlog ALPN h3 and PATH_CHALLENGE/PATH_RESPONSE observed"
aws-nlb-h3-midflight-upload-001,2026-06-24,PASS,quic-go + AWS NLB,AWS NLB TCP_QUIC :443 passthrough,HTTP/3 over QUIC,"HTTP/3 POST /upload body in flight; AddPath -> Probe -> Switch through NLB",true,true,"1MiB upload body",true,false,none,harness/results/aws-nlb-h3-midflight-upload-20260623T172119Z,"target-a decoded full 1MiB upload; client final addr changed 56276 -> 52824; qlog ALPN h3 and PATH_CHALLENGE/PATH_RESPONSE observed; AWS resources cleaned up"
aws-nlb-h3-midflight-download-001,2026-06-24,PASS,quic-go + AWS NLB,AWS NLB TCP_QUIC :443 passthrough,HTTP/3 over QUIC,"HTTP/3 streaming GET /download response in flight; AddPath -> Probe -> Switch through NLB",true,true,"1MiB streaming download body",true,false,none,harness/results/aws-nlb-h3-midflight-download-retry-20260623T173500Z,"target-b served full 1MiB streaming response with 16KiB chunks and 2ms delay; client final addr changed 61456 -> 63381; qlog ALPN h3 and PATH_CHALLENGE/PATH_RESPONSE observed; AWS resources cleaned up; first attempt hit dial timeout before migration and was retried after client start delay"
chrome-h3-local-baseline-001,2026-06-24,PASS,Chrome 149 + quic-go H3,local browser baseline,HTTP/3 over QUIC,"Chrome --origin-to-force-quic-on local H3 origin; fixed test cert with SPKI exception",false,false,"GET /download?bytes=128 from Chrome browser to quic-go H3 server",true,false,none,repro/quic-go-min-repro/artifacts/chrome-h3-local-spki-pass,"Chrome NetLog shows QUIC_SESSION and HTTP_STREAM_JOB using_quic=true; server received GET /download from 127.0.0.1:65402; qlog chosen_alpn=1 and http3_frame=5; no migration attempted in this baseline"
chrome-h3-local-sequence-001,2026-06-24,PASS,Chrome 149 + quic-go H3,local browser baseline,HTTP/3 over QUIC,"Chrome --origin-to-force-quic-on local H3 origin; browser page loads two SVG subresources",false,false,"GET /browser-sequence plus two GET /pixel subresources from Chrome browser to quic-go H3 server",true,false,none,repro/quic-go-min-repro/artifacts/chrome-h3-sequence-vtime-pass,"Chrome NetLog shows one target QUIC_SESSION and 3 HTTP_STREAM_JOB using_quic=true; server received 3 requests from same remote addr 127.0.0.1:53299; qlog chosen_alpn=1 and http3_frame=11; no migration attempted in this baseline"
chrome-h3-local-poll-nochange-001,2026-06-24,PASS,Chrome 149 + quic-go H3,local browser no-change baseline,HTTP/3 over QUIC,"Chrome forced QUIC local H3 origin; browser polling page with no network-change command",false,false,"GET /browser-poll plus five sequential fetch GET /poll requests",true,false,none,repro/quic-go-min-repro/artifacts/chrome-h3-poll-nochange-classifier-pass,"Classifier result no_path_change_baseline; server received 6 requests from same remote addr 127.0.0.1:60133; NetLog JSON parsed with one target QUIC_SESSION and 6 using_quic jobs; qlog chosen_alpn=1 and http3_frame=20; no PATH_CHALLENGE/PATH_RESPONSE"
chrome-h3-slow-inactive-if-toggle-001,2026-06-24,PASS_NEGATIVE_CONTROL,Chrome 149 + quic-go H3,local browser limited network-change control,HTTP/3 over QUIC,"inactive Thunderbolt Bridge off/on during in-flight slow HTTP/3 subresource",false,false,"GET /browser-slow plus streaming GET /slow-js",true,false,trigger-no-active-path-change,repro/quic-go-min-repro/artifacts/chrome-h3-slow-inactive-if-toggle,"network_change_exit=0; classifier result no_path_change_baseline; server received 2 requests from same remote addr 127.0.0.1:53206; NetLog JSON parsed with one target QUIC_SESSION and 2 using_quic jobs; qlog no PATH_CHALLENGE/PATH_RESPONSE; this is not actual Wi-Fi/LTE handover"
chrome-h3-slow-wifi-ip-nochange-001,2026-06-24,PASS,Chrome 149 + quic-go H3,local Wi-Fi IP browser baseline,HTTP/3 over QUIC,"server listens on 0.0.0.0:4443; Chrome origin is local Wi-Fi IP 192.168.32.190:4443; no network-change command",false,false,"GET /browser-slow plus streaming GET /slow-js",true,false,none,repro/quic-go-min-repro/artifacts/chrome-h3-slow-wifi-ip-nochange,"classifier result no_path_change_baseline; server received 2 requests from same remote addr 192.168.32.190:61509; NetLog JSON parsed with one target QUIC_SESSION and 2 using_quic jobs; qlog no PATH_CHALLENGE/PATH_RESPONSE"
chrome-h3-slow-wifi-ip-inactive-if-toggle-001,2026-06-24,PASS_NEGATIVE_CONTROL,Chrome 149 + quic-go H3,local Wi-Fi IP limited network-change control,HTTP/3 over QUIC,"server listens on 0.0.0.0:4443; Chrome origin is local Wi-Fi IP 192.168.32.190:4443; inactive Thunderbolt Bridge off/on during in-flight slow subresource",false,false,"GET /browser-slow plus streaming GET /slow-js",true,false,trigger-no-active-path-change,repro/quic-go-min-repro/artifacts/chrome-h3-slow-wifi-ip-inactive-if-toggle,"network_change_exit=0; classifier result no_path_change_baseline; server received 2 requests from same remote addr 192.168.32.190:56596; NetLog JSON parsed with one target QUIC_SESSION and 2 using_quic jobs; qlog no PATH_CHALLENGE/PATH_RESPONSE; non-loopback local origin but not actual active path handover"
chrome-h3-alt-svc-ip-literal-001,2026-06-24,PASS_NEGATIVE_CONTROL,Chrome 149 + quic-go H3,local browser natural Alt-Svc control,HTTPS bootstrap plus advertised HTTP/3,"TCP HTTPS response advertises Alt-Svc h3 on 127.0.0.1; second request reuses same Chrome profile without --origin-to-force-quic-on",false,false,"two GET /download requests after Alt-Svc advertisement",true,false,browser-alt-svc-h3-not-observed,repro/quic-go-min-repro/artifacts/chrome-h3-alt-svc-local-20260624,"Alt-Svc header observed and h3 candidate job appears in NetLog; both server requests proto HTTP/1.1; no target QUIC_SESSION and qlog http3_frame=0; candidate job is not sufficient evidence"
chrome-h3-alt-svc-localhost-001,2026-06-24,PASS_NEGATIVE_CONTROL,Chrome 149 + quic-go H3,local browser natural Alt-Svc control,HTTPS bootstrap plus advertised HTTP/3,"TCP HTTPS response advertises Alt-Svc h3 on localhost; second request reuses same Chrome profile without --origin-to-force-quic-on",false,false,"two GET /download requests after Alt-Svc advertisement",true,false,browser-alt-svc-h3-not-observed,repro/quic-go-min-repro/artifacts/chrome-h3-alt-svc-localhost-20260624,"Alt-Svc advertised and target QUIC session hint appears only in incomplete text-fallback NetLog; both server requests proto HTTP/1.1; qlog http3_frame=0; server/qlog evidence overrides NetLog hint"
chrome-h3-alt-svc-html-ip-literal-001,2026-06-24,PASS_NEGATIVE_CONTROL,Chrome 149 + quic-go H3,local browser natural Alt-Svc HTML control,HTTPS bootstrap plus advertised HTTP/3,"HTML page and subresource workload on 127.0.0.1; Alt-Svc h3 advertised; no --origin-to-force-quic-on",false,false,"two HTML page requests plus two pixel subresources after Alt-Svc advertisement",true,false,browser-alt-svc-quic-candidate-cert-rejected,repro/quic-go-min-repro/artifacts/chrome-h3-alt-svc-html-local-20260624,"server handled all 4 requests as HTTP/1.1; qlog shows QUIC connection_started and one HTTP/3 settings frame but connection closed by remote with certificate unknown / CERTIFICATE_VERIFY_FAILED; no application request used HTTP/3"
chrome-h3-alt-svc-html-ignore-cert-001,2026-06-24,PASS_NEGATIVE_CONTROL,Chrome 149 + quic-go H3,local browser natural Alt-Svc HTML diagnostic,HTTPS bootstrap plus advertised HTTP/3,"HTML page/subresource workload with CHROME_EXTRA_ARGS=--ignore-certificate-errors; no --origin-to-force-quic-on",false,false,"two HTML page requests plus two pixel subresources after Alt-Svc advertisement",true,false,browser-alt-svc-quic-candidate-cert-rejected,repro/quic-go-min-repro/artifacts/chrome-h3-alt-svc-html-ignore-cert-local-20260624,"server handled all 4 requests as HTTP/1.1; qlog still shows QUIC candidate closed with certificate unknown / CERTIFICATE_VERIFY_FAILED; ignore-certificate-errors was not sufficient to make natural Alt-Svc request use HTTP/3"
chrome-h3-alt-svc-html-mkcert-localhost-001,2026-06-24,PASS_NEGATIVE_CONTROL,Chrome 149 + quic-go H3,local browser natural Alt-Svc mkcert control,HTTPS bootstrap plus advertised HTTP/3,"HTML page/subresource workload on localhost with CERT_MODE=mkcert and CHROME_USE_SPKI_EXCEPTION=0",false,false,"two HTML page requests plus two pixel subresources after Alt-Svc advertisement",true,false,browser-alt-svc-marked-broken,repro/quic-go-min-repro/artifacts/chrome-h3-alt-svc-html-mkcert-localhost-v2-20260624,"server handled all 4 requests as HTTP/1.1; qlog has no target packets; NetLog records localhost:4443 quic alternative_service and broken_alternative_services; no certificate error observed"
chrome-h3-alt-svc-html-mkcert-ip-001,2026-06-24,PASS_NEGATIVE_CONTROL,Chrome 149 + quic-go H3,local browser natural Alt-Svc mkcert control,HTTPS bootstrap plus advertised HTTP/3,"HTML page/subresource workload on 127.0.0.1 with CERT_MODE=mkcert and CHROME_USE_SPKI_EXCEPTION=0",false,false,"two HTML page requests plus two pixel subresources after Alt-Svc advertisement",true,false,browser-alt-svc-quic-candidate-cert-rejected,repro/quic-go-min-repro/artifacts/chrome-h3-alt-svc-html-mkcert-ip-20260624,"server handled all 4 requests as HTTP/1.1; qlog shows QUIC candidate connection but it closes with certificate unknown / CERTIFICATE_VERIFY_FAILED; mkcert local trust did not make natural Alt-Svc request use HTTP/3"
chrome-public-h3-cloudflare-trace-001,2026-06-24,PASS_NEGATIVE_CONTROL,Chrome 149,public WebPKI browser H3 discovery control,HTTPS with H3 discovery candidate,"Chrome headless visits https://cloudflare-quic.com/cdn-cgi/trace twice with no forced QUIC",false,false,"public HTTPS navigation",true,false,browser-public-application-h3-not-confirmed,repro/quic-go-min-repro/artifacts/chrome-public-h3-cloudflare-quic-trace-20260624,"bootstrap NetLog JSON shows target QUIC_SESSION=1 and dns_alpn_h3 discovery job=1, but target application_using_quic=0 and main_non_quic=1; application HTTP/3 not confirmed"
chrome-public-h3-google-204-001,2026-06-24,PASS_NEGATIVE_CONTROL,Chrome 149,public WebPKI browser H3 discovery control,HTTPS with H3 discovery candidate,"Chrome headless visits https://www.google.com/generate_204 twice with no forced QUIC",false,false,"public HTTPS navigation",true,false,browser-public-application-h3-not-confirmed,repro/quic-go-min-repro/artifacts/chrome-public-h3-google-generate204-20260624,"bootstrap/second NetLog JSON shows target QUIC_SESSION and dns_alpn_h3 discovery jobs, but target application_using_quic=0 and main jobs are non-QUIC; application HTTP/3 not confirmed"
chrome-public-h3-youtube-204-001,2026-06-24,PASS_NEGATIVE_CONTROL,Chrome 149,public WebPKI browser H3 discovery control,HTTPS with H3 discovery candidate,"Chrome headless visits https://www.youtube.com/generate_204 twice with no forced QUIC",false,false,"public HTTPS navigation",true,false,browser-public-application-h3-not-confirmed,repro/quic-go-min-repro/artifacts/chrome-public-h3-youtube-generate204-20260624,"Alt-Svc and dns_alpn_h3 discovery jobs observed, but target QUIC_SESSION=0 and application/main HTTP_STREAM_JOB using_quic=false; application HTTP/3 not confirmed"
chrome-h3-downlink-noheartbeat-001,2026-06-24,PASS,Chrome 149 + quic-go H3,local browser forced QUIC origin,HTTP/3 over QUIC,"No network change; downlink-dominant streaming fetch without heartbeat",false,false,"GET /browser-downlink then streaming GET /downlink-stream",true,false,none,repro/quic-go-min-repro/artifacts/chrome-h3-downlink-noheartbeat-20260624,"server request count 2; target using_quic jobs=2; qlog http3_frame observed; no path validation expected"
chrome-h3-downlink-heartbeat-001,2026-06-24,PASS,Chrome 149 + quic-go H3,local browser forced QUIC origin,HTTP/3 over QUIC,"No network change; downlink-dominant streaming fetch with application heartbeat",false,false,"GET /browser-downlink then streaming GET /downlink-stream plus GET /heartbeat",true,false,none,repro/quic-go-min-repro/artifacts/chrome-h3-downlink-heartbeat-20260624-rerun,"server request count 3; target using_quic jobs=3; qlog http3_frame observed; no path validation expected"
chrome-h3-downlink-noheartbeat-cdp-001,2026-06-24,PASS,Chrome 149 + quic-go H3,local browser forced QUIC origin with CDP runner,HTTP/3 over QUIC,"No network change; CDP real-time hold; downlink-dominant streaming fetch without heartbeat",false,false,"GET /browser-downlink then streaming GET /downlink-stream",true,false,none,repro/quic-go-min-repro/artifacts/chrome-h3-downlink-noheartbeat-cdp-nochange-20260624,"classification no_path_change_baseline; server remote addr count 1; target QUIC sessions=1; qlog path validation=false"
chrome-h3-downlink-heartbeat-cdp-001,2026-06-24,PASS_NEGATIVE_CONTROL,Chrome 149 + quic-go H3,local browser forced QUIC origin with CDP runner,HTTP/3 over QUIC,"No network change; CDP real-time hold; downlink streaming plus heartbeat",false,true,"GET /browser-downlink then streaming GET /downlink-stream plus GET /heartbeat",true,false,browser-multiple-quic-sessions-no-network-change,repro/quic-go-min-repro/artifacts/chrome-h3-downlink-heartbeat-cdp-nochange-grace-20260624,"classification multiple_quic_sessions_without_network_change; server remote addr count 2; target QUIC sessions=2; qlog path validation=false; tuple change alone is not CM evidence"
chrome-h3-downlink-heartbeat-cdp-inactive-toggle-001,2026-06-24,PASS_NEGATIVE_CONTROL,Chrome 149 + quic-go H3,local browser forced QUIC origin with CDP runner,HTTP/3 over QUIC,"Inactive Thunderbolt Bridge toggle during downlink streaming; heartbeat after trigger; client path snapshots captured",false,true,"GET /browser-downlink then streaming GET /downlink-stream plus GET /heartbeat",true,false,trigger-no-client-path-change,repro/quic-go-min-repro/artifacts/chrome-h3-downlink-heartbeat-cdp-inactive-if-toggle-20260624,"classification multiple_quic_sessions_without_client_path_change; network_change_exit=0; client_path_change=no_client_path_change_observed; active interface en0 unchanged; target route lo0 unchanged; qlog path validation=false"
quic-go-local-h3-workload-rerun-20260624-001,2026-06-24,PASS,quic-go + HTTP/3,local direct origin replication,HTTP/3 over QUIC,"HTTP/3 POST upload before; AddPath -> Probe -> Switch; HTTP/3 GET download after",true,true,"before POST /upload 64KiB; after GET /download 64KiB",true,false,none,repro/quic-go-min-repro/artifacts/local-h3-workload-rerun-20260624,"replication run; client source port changed 54306 -> 53492; server observed before/after HTTP/3.0 requests with ALPN h3; qlog PATH_CHALLENGE/PATH_RESPONSE and HTTP/3 frames observed"
quic-go-local-h3-midflight-upload-rerun-20260624-001,2026-06-24,PASS,quic-go + HTTP/3,local direct origin replication,HTTP/3 over QUIC,"HTTP/3 POST /upload body in flight; migration triggered after threshold",true,true,"1MiB upload body",true,false,none,repro/quic-go-min-repro/artifacts/local-h3-midflight-rerun-20260624/midflight-upload,"replication run; migration triggered at 532480 bytes; server decoded full 1MiB body; qlog PATH_CHALLENGE/PATH_RESPONSE and HTTP/3 frames observed"
quic-go-local-h3-midflight-download-rerun-20260624-001,2026-06-24,PASS,quic-go + HTTP/3,local direct origin replication,HTTP/3 over QUIC,"HTTP/3 streaming GET /download response in flight; migration triggered after threshold",true,true,"1MiB streaming download body",true,false,none,repro/quic-go-min-repro/artifacts/local-h3-midflight-rerun-20260624/midflight-download,"replication run; migration triggered at 524288 bytes; client decoded full 1MiB response; qlog PATH_CHALLENGE/PATH_RESPONSE and HTTP/3 frames observed"
chrome-public-h3-cloudflare-home-20260624,2026-06-24,PASS_NEGATIVE_CONTROL,Chrome 149,public WebPKI browser H3 observation,HTTPS with H3 discovery candidate,"Chrome headless visits https://www.cloudflare.com/ twice with natural Alt-Svc discovery",false,false,"public HTTPS page navigation and subresource loading",true,false,browser-public-application-h3-not-confirmed,repro/quic-go-min-repro/artifacts/chrome-public-h3-cloudflare-home-20260624,"classification public_h3_discovery_without_application_h3; bootstrap application_using_quic=0 with dns_alpn_h3=112; second text fallback showed discovery hints; Chrome exits 124 due page not quiescing"
chrome-public-h3-cloudflare-blog-20260624,2026-06-24,PASS,Chrome 149,public WebPKI browser H3 observation,HTTPS with natural HTTP/3 via Alt-Svc/DNS ALPN,"Chrome headless visits https://blog.cloudflare.com/ twice with natural Alt-Svc discovery",false,false,"public HTTPS page navigation and subresource loading",true,false,none,repro/quic-go-min-repro/artifacts/chrome-public-h3-cloudflare-blog-20260624,"classification public_natural_h3_observed; bootstrap target application_using_quic=75 and QUIC_SESSION=1; main jobs still included non-QUIC; third-party endpoint is not CM evidence"
chrome-public-h3-bing-home-20260624,2026-06-24,PASS,Chrome 149,public WebPKI browser H3 observation,HTTPS with natural HTTP/3 via Alt-Svc/DNS ALPN,"Chrome headless visits https://www.bing.com/ twice with natural Alt-Svc discovery",false,false,"public HTTPS page navigation and subresource loading",true,false,none,repro/quic-go-min-repro/artifacts/chrome-public-h3-bing-home-20260624,"classification public_natural_h3_observed; second target application_using_quic=27 and QUIC_SESSION=1; main jobs still included non-QUIC; third-party endpoint is not CM evidence"
chrome-public-h3-facebook-home-20260624,2026-06-24,PASS,Chrome 149,public WebPKI browser H3 observation,HTTPS with natural HTTP/3 via Alt-Svc/DNS ALPN,"Chrome headless visits https://www.facebook.com/ twice with natural Alt-Svc discovery",false,false,"public HTTPS page navigation and subresource loading",true,false,none,repro/quic-go-min-repro/artifacts/chrome-public-h3-facebook-home-20260624,"classification public_natural_h3_observed; second target application_using_quic=9 and QUIC_SESSION=1; main jobs still included non-QUIC; third-party endpoint is not CM evidence"
chrome-public-h3-instagram-home-20260624,2026-06-24,PASS,Chrome 149,public WebPKI browser H3 observation,HTTPS with natural HTTP/3 via Alt-Svc/DNS ALPN,"Chrome headless visits https://www.instagram.com/ twice with natural Alt-Svc discovery",false,false,"public HTTPS page navigation and subresource loading",true,false,none,repro/quic-go-min-repro/artifacts/chrome-public-h3-instagram-home-20260624,"classification public_natural_h3_observed; second target application_using_quic=12 and QUIC_SESSION=1; main jobs still included non-QUIC; third-party endpoint is not CM evidence"
chrome-h3-rebinding-noheartbeat-local-001,2026-06-24,PASS_FEASIBILITY,Chrome 149 + quic-go H3 + local UDP rebinding proxy,local browser NAT rebinding proxy,HTTP/3 over QUIC,"local UDP proxy switches upstream socket A -> B during downlink stream; no application heartbeat",true,false,"GET /browser-downlink then streaming GET /downlink-stream",true,false,none,repro/quic-go-min-repro/artifacts/chrome-h3-rebinding-noheartbeat-smoke-20260624,"classification nat_rebinding_path_validation_without_observed_tuple_change; proxy switched 127.0.0.1:58046 -> 127.0.0.1:49564 and qlog PATH_CHALLENGE/PATH_RESPONSE observed; request-level remote addr count stayed 1 because no post-rebind application request was created; NetLog target QUIC session count 1; this is local NAT-rebinding feasibility, not browser active handover"
chrome-h3-rebinding-heartbeat-local-001,2026-06-24,PASS_NEGATIVE_CONTROL,Chrome 149 + quic-go H3 + local UDP rebinding proxy,local browser NAT rebinding proxy,HTTP/3 over QUIC,"local UDP proxy switches upstream socket A -> B during downlink stream; heartbeat fetch after rebind",true,true,"GET /browser-downlink, streaming GET /downlink-stream, then GET /heartbeat",true,false,browser-multiple-quic-sessions-nat-rebinding,repro/quic-go-min-repro/artifacts/chrome-h3-rebinding-heartbeat-smoke2-20260624,"classification nat_rebinding_multiple_quic_sessions; proxy switched 127.0.0.1:49851 -> 127.0.0.1:56349; server request remote addr count 2 and qlog PATH_CHALLENGE/PATH_RESPONSE observed, but Chrome NetLog target QUIC session count was 2; tuple change plus path validation is still insufficient to claim browser session continuity"
chrome-h3-rebinding-upload-local-001,2026-06-24,PASS_FEASIBILITY,Chrome 149 + quic-go H3 + local UDP rebinding proxy,local browser NAT rebinding proxy,HTTP/3 over QUIC,"local UDP proxy switches upstream socket A -> B during streaming browser fetch upload",true,false,"GET /browser-upload then streaming POST /upload-sink 256KiB",true,false,none,repro/quic-go-min-repro/artifacts/chrome-h3-rebinding-upload-repetition-20260624,"3/3 upload repetitions PASS; each upload-sink request received 262144 bytes; qlog PATH_CHALLENGE/PATH_RESPONSE observed in every run; Chrome NetLog target QUIC session count stayed 1; request-level server remote addr count stayed 1, so request logs alone miss packet-level rebinding; local NAT-rebinding feasibility, not public browser handover"
chrome-h3-rebinding-timing-sensitivity-local-001,2026-06-24,PASS_FEASIBILITY,Chrome 149 + quic-go H3 + local UDP rebinding proxy,local browser NAT rebinding proxy,HTTP/3 over QUIC,"local UDP proxy switches upstream socket A -> B at 500ms or 5s during downlink/upload browser workloads",true,false,"downlink streaming with/without heartbeat and streaming POST /upload-sink 256KiB",true,false,none,repro/quic-go-min-repro/artifacts/chrome-h3-rebinding-timing-early-20260624,"12/12 timing-sensitivity runs PASS; early and late rebinding both produced proxy packet rebinding, qlog path validation, and Chrome target NetLog path-validation frames; average B packet share changed from 0.618/0.800 early to 0.172/0.181 late; heartbeat/session evidence remained timing-sensitive; local NAT-rebinding feasibility, not public browser handover"
chrome-h3-rebinding-old-path-drop-local-001,2026-06-24,PASS_FEASIBILITY,Chrome 149 + quic-go H3 + local UDP rebinding proxy,local browser NAT rebinding proxy old-path-drop,HTTP/3 over QUIC,"local UDP proxy switches upstream socket A -> B and drops A-side server packets after switch",true,false,"downlink streaming with/without heartbeat and streaming POST /upload-sink 256KiB",true,false,none,repro/quic-go-min-repro/artifacts/chrome-h3-rebinding-old-path-drop-repetition-20260624,"11/11 old-path-drop rows PASS; downlink 7/7 completed with 0 dropped A-side server packets after switch; upload 4/4 completed while 60 total A-side server packets were dropped after switch and each /upload-sink received 262144 bytes; repeated upload rows kept one Chrome target QUIC session, while heartbeat downlink rows still produced multiple sessions; local NAT-rebinding feasibility, not public browser handover"
chrome-h3-rebinding-old-path-drop-stress-local-001,2026-06-24,PASS_FEASIBILITY,Chrome 149 + quic-go H3 + local UDP rebinding proxy,local browser NAT rebinding proxy old-path-drop stress,HTTP/3 over QUIC,"local UDP proxy switches upstream socket A -> B at 500ms and drops A-side server packets after switch under 1MiB/4MiB workloads",true,false,"1MiB/4MiB downlink streaming with optional heartbeat and 1MiB/4MiB streaming POST /upload-sink",true,false,none,repro/quic-go-min-repro/artifacts/chrome-h3-rebinding-old-path-drop-stress-20260624,"5/5 stress rows PASS; configured 6MiB downlink and received 5MiB upload; qlog and Chrome target NetLog path validation 5/5; old-path drop 5/5 with 105 total A-side server packets and 74279 bytes dropped; 1MiB heartbeat downlink still produced two Chrome target QUIC sessions; local NAT-rebinding stress control, not public browser handover"
chrome-h3-rebinding-return-path-drop-controls-local-001,2026-06-24,PASS_NEGATIVE_CONTROL,Chrome 149 + quic-go H3 + local UDP rebinding proxy,local browser NAT rebinding proxy return-path drop controls,HTTP/3 over QUIC,"local UDP proxy switches upstream socket A -> B at 500ms and selectively drops B-only or A+B server-to-client packets after switch",true,false,"1MiB downlink and 1MiB streaming POST /upload-sink under B-only and A+B return-path drop controls",false,false,return-path-loss-application-continuity,repro/quic-go-min-repro/artifacts/chrome-h3-rebinding-return-path-drop-controls-20260624,"4/4 rows matched expected outcome; B-only server packet drop rows PASS 2/2 because old return path still delivered application data; A+B return-path drop rows FAIL 2/2 with browser_application_task_failed despite server request/qlog/NetLog transport evidence; local failure-boundary control, not public browser handover"
chrome-h3-rebinding-transient-return-path-sweep-local-001,2026-06-24,PASS_NEGATIVE_CONTROL,Chrome 149 + quic-go H3 + local UDP rebinding proxy,local browser NAT rebinding proxy transient return-path outage sweep,HTTP/3 over QUIC,"local UDP proxy switches upstream socket A -> B at 500ms and drops both A+B server-to-client packets for bounded windows",true,false,"1MiB downlink and 1MiB streaming POST /upload-sink under 250ms/1500ms/3000ms/4000ms/5000ms/6000ms/9000ms A+B return-path outage windows",false,false,transient-return-path-outage-threshold,repro/quic-go-min-repro/artifacts/chrome-h3-rebinding-transient-return-path-sweep-20260624,"14-row sweep: 250ms/1500ms/3000ms/4000ms windows PASS 8/8, 5000ms/6000ms/9000ms windows FAIL 6/6 with browser_application_task_failed; DOM complete timing 7545-11309ms for PASS rows and DOM error timing 6918-11122ms for FAIL rows; all rows had proxy switch and qlog H3/path evidence; local outage-tolerance control with observed boundary between 4s and 5s, not public browser handover"
chrome-h3-rebinding-transient-boundary-repetition-local-001,2026-06-24,PASS_NEGATIVE_CONTROL,Chrome 149 + quic-go H3 + local UDP rebinding proxy,local browser NAT rebinding proxy transient boundary repetition,HTTP/3 over QUIC,"local UDP proxy switches upstream socket A -> B at 500ms and repeats 4000ms/4500ms/5000ms A+B server-to-client outage windows",true,false,"1MiB downlink and 1MiB streaming POST /upload-sink under 4000ms/4500ms/5000ms A+B return-path outage windows repeated 3 times per workload",false,false,transient-return-path-outage-threshold,repro/quic-go-min-repro/artifacts/chrome-h3-rebinding-transient-boundary-repetition-20260624,"18-row boundary repetition: 4000ms PASS 6/6, 4500ms PASS 6/6, 5000ms split with downlink PASS 3/3 and upload FAIL 3/3; total PASS 15/18; DOM complete timing 10224-13882ms and DOM error timing 6921-6922ms; all rows had proxy switch and qlog H3/path evidence; local workload-sensitive transition-zone control, not public browser handover"
chrome-h3-rebinding-transient-downlink-fine-boundary-local-001,2026-06-24,PASS_NEGATIVE_CONTROL,Chrome 149 + quic-go H3 + local UDP rebinding proxy,local browser NAT rebinding proxy transient downlink fine boundary,HTTP/3 over QUIC,"local UDP proxy switches upstream socket A -> B at 500ms and repeats downlink-only 5000ms/5500ms/6000ms A+B server-to-client outage windows",true,false,"1MiB downlink streaming GET /downlink-stream under 5000ms/5500ms/6000ms A+B return-path outage windows repeated 3 times",false,false,transient-return-path-outage-threshold,repro/quic-go-min-repro/artifacts/chrome-h3-rebinding-transient-downlink-fine-boundary-20260624,"9-row downlink fine boundary: 5000ms PASS 2/3, 5500ms PASS 2/3, 6000ms FAIL 3/3; PASS rows completed at 12276-14114ms with one Chrome target QUIC session, while FAIL rows errored at 6922-6927ms; all rows had proxy switch and qlog H3/path evidence; local non-monotonic transition-zone control, not public browser handover"
chrome-h3-rebinding-transient-upload-fine-boundary-local-001,2026-06-24,PASS_NEGATIVE_CONTROL,Chrome 149 + quic-go H3 + local UDP rebinding proxy,local browser NAT rebinding proxy transient upload fine boundary,HTTP/3 over QUIC,"local UDP proxy switches upstream socket A -> B at 500ms and repeats upload-only 4600ms/4750ms/4900ms/5000ms A+B server-to-client outage windows",true,false,"1MiB streaming POST /upload-sink under upload-only 4600ms/4750ms/4900ms/5000ms A+B return-path outage windows repeated 3 times",false,false,transient-return-path-outage-threshold,repro/quic-go-min-repro/artifacts/chrome-h3-rebinding-transient-upload-fine-boundary-20260624,"12-row upload fine boundary: 4600ms PASS 3/3, 4750ms PASS 1/3, 4900ms/5000ms FAIL 6/6; total PASS 4/12; DOM complete timing 10215-11261ms and DOM error timing 6917-6922ms; all rows had proxy switch and qlog H3/path evidence; local upload-specific transition-zone control, not public browser handover"
chrome-h3-rebinding-transient-upload-retry-boundary-local-001,2026-06-24,PASS_NEGATIVE_CONTROL,Chrome 149 + quic-go H3 + local UDP rebinding proxy,local browser NAT rebinding proxy upload retry recovery control,HTTP/3 over QUIC,"local UDP proxy switches upstream socket A -> B at 500ms and repeats 4900ms/5000ms A+B server-to-client outage windows with one application-level upload retry",true,true,"1MiB streaming POST /upload-sink with retry_attempts=1 and retry_delay_ms=1000 under upload-only 4900ms/5000ms A+B return-path outage windows repeated 3 times",true,false,application-level-retry-recovery,repro/quic-go-min-repro/artifacts/chrome-h3-rebinding-transient-upload-retry-boundary-20260624,"6-row retry boundary: 4900ms PASS 3/3 and 5000ms PASS 3/3 where no-retry fine boundary previously failed 6/6 at 4900ms/5000ms; every row used two /upload-sink attempts, received 1MiB, had qlog H3/path evidence, and Chrome target QUIC session count was 2; this shows application-level retry can restore task completion via reconnect/multiple-session behavior, not single-session browser CM; local recovery control, not public browser handover"
chrome-h3-rebinding-transient-upload-retry-long-outage-local-001,2026-06-24,PASS_NEGATIVE_CONTROL,Chrome 149 + quic-go H3 + local UDP rebinding proxy,local browser NAT rebinding proxy long upload retry recovery control,HTTP/3 over QUIC,"local UDP proxy switches upstream socket A -> B at 500ms and repeats 6000ms/9000ms A+B server-to-client outage windows with one application-level upload retry",true,true,"1MiB streaming POST /upload-sink with retry_attempts=1 and retry_delay_ms=1000 under upload-only 6000ms/9000ms A+B return-path outage windows repeated 3 times",true,false,application-level-retry-recovery,repro/quic-go-min-repro/artifacts/chrome-h3-rebinding-transient-upload-retry-long-outage-20260624,"6-row long-outage retry boundary: 6000ms PASS 3/3 and 9000ms PASS 3/3 where no-retry transient sweep failed at 6000ms/9000ms; every row used two /upload-sink attempts and received 1MiB; DOM complete timing was 15465-19679ms; Chrome target QUIC session count was 2-3, so this is application-level retry/reconnect recovery rather than single-session browser CM; local recovery control, not public browser handover"
chrome-h3-rebinding-transient-upload-retry-stress-boundary-local-001,2026-06-24,PASS_NEGATIVE_CONTROL,Chrome 149 + quic-go H3 + local UDP rebinding proxy,local browser NAT rebinding proxy retry stress boundary,HTTP/3 over QUIC,"local UDP proxy switches upstream socket A -> B at 500ms and repeats 12000ms/15000ms A+B server-to-client outage windows with one application-level upload retry",true,true,"1MiB streaming POST /upload-sink with retry_attempts=1 and retry_delay_ms=1000 under upload-only 12000ms/15000ms A+B return-path outage windows repeated 3 times",false,false,application-level-retry-boundary,repro/quic-go-min-repro/artifacts/chrome-h3-rebinding-transient-upload-retry-stress-boundary-20260624,"6-row retry stress boundary: 12000ms PASS 3/3 with DOM complete timing 19978-19984ms, but 15000ms FAIL 3/3 with DOM error timing 15936-15943ms; failure rows had only one /upload-sink request and 0 received upload bytes despite qlog H3/path evidence and Chrome target QUIC session count 3; local one-retry recovery boundary observed between 12s and 15s, not public browser handover"
chrome-h3-rebinding-transient-upload-retry2-15000ms-local-001,2026-06-24,PASS_NEGATIVE_CONTROL,Chrome 149 + quic-go H3 + local UDP rebinding proxy,local browser NAT rebinding proxy retry2 recovery control,HTTP/3 over QUIC,"local UDP proxy switches upstream socket A -> B at 500ms and repeats 15000ms A+B server-to-client outage windows with two application-level upload retries",true,true,"1MiB streaming POST /upload-sink with retry_attempts=2 and retry_delay_ms=1000 under upload-only 15000ms A+B return-path outage window repeated 3 times",true,false,application-level-retry-recovery,repro/quic-go-min-repro/artifacts/chrome-h3-rebinding-transient-upload-retry2-15000ms-20260624,"3-row retry2 recovery control: 15000ms upload PASS 3/3 where one-retry stress boundary failed 3/3 at the same outage window; DOM complete timing was 24484-24503ms, each row delivered the final 1MiB body with two /upload-sink attempts, and Chrome target QUIC session count was 4; this is application-level retry/reconnect recovery with higher latency and session churn, not single-session browser CM"
chrome-h3-rebinding-transient-upload-retry2-stress-boundary-local-001,2026-06-24,PASS_NEGATIVE_CONTROL,Chrome 149 + quic-go H3 + local UDP rebinding proxy,local browser NAT rebinding proxy retry2 stress boundary,HTTP/3 over QUIC,"local UDP proxy switches upstream socket A -> B at 500ms and repeats 18000ms/21000ms A+B server-to-client outage windows with two application-level upload retries",true,true,"1MiB streaming POST /upload-sink with retry_attempts=2 and retry_delay_ms=1000 under upload-only 18000ms/21000ms A+B return-path outage windows repeated 3 times",false,false,application-level-retry-boundary,repro/quic-go-min-repro/artifacts/chrome-h3-rebinding-transient-upload-retry2-stress-boundary-20260624,"6-row retry2 stress boundary: 18000ms PASS 3/3 with DOM complete timing 28196-28199ms, but 21000ms FAIL 3/3 with DOM error timing 20950-20955ms; PASS rows delivered 1MiB through two /upload-sink attempts and FAIL rows had only one /upload-sink with 0 upload bytes; every row retained qlog H3/path evidence and Chrome target QUIC session count 4; local two-retry recovery boundary observed between 18s and 21s, not public browser handover"
chrome-h3-rebinding-transient-downlink-retry-boundary-local-001,2026-06-24,PASS_NEGATIVE_CONTROL,Chrome 149 + quic-go H3 + local UDP rebinding proxy,local browser NAT rebinding proxy downlink retry recovery control,HTTP/3 over QUIC,"local UDP proxy switches upstream socket A -> B at 500ms and repeats 6000ms/9000ms A+B server-to-client outage windows with one application-level downlink stream retry",true,true,"1MiB streaming GET /downlink-stream with retry_attempts=1 and retry_delay_ms=500 under downlink-only 6000ms/9000ms A+B return-path outage windows repeated 3 times",true,false,application-level-retry-recovery,repro/quic-go-min-repro/artifacts/chrome-h3-rebinding-transient-downlink-retry-boundary-20260624,"6-row downlink retry boundary: 6000ms PASS 3/3 and 9000ms PASS 3/3; retries_used split 0/1 across rows, with 3 rows completing on the first stream through one Chrome target QUIC session and 3 rows completing after one application retry with two Chrome target QUIC sessions; DOM complete timing was 15487-21713ms; this is local application recovery/retransmission evidence, not public browser handover or guaranteed single-session browser CM"
chrome-h3-rebinding-transient-downlink-wait-boundary-local-001,2026-06-24,PASS_NEGATIVE_CONTROL,Chrome 149 + quic-go H3 + local UDP rebinding proxy,local browser NAT rebinding proxy downlink wait-only control,HTTP/3 over QUIC,"local UDP proxy switches upstream socket A -> B at 500ms and repeats 6000ms/9000ms A+B server-to-client outage windows with no downlink retry but the same long hold/grace timing as the retry control",true,false,"1MiB streaming GET /downlink-stream with retry_attempts=0 under downlink-only 6000ms/9000ms A+B return-path outage windows repeated 3 times",false,false,application-level-retry-boundary,repro/quic-go-min-repro/artifacts/chrome-h3-rebinding-transient-downlink-wait-boundary-20260624,"6-row wait-only control: 6000ms FAIL 3/3 and 9000ms FAIL 3/3 despite the longer hold/grace timing used by the retry control; DOM error timing clustered at 6923-6935ms and every row retained qlog H3/path evidence with one Chrome target QUIC session; this isolates the downlink retry-enabled PASS result from a simple wait-time explanation and reinforces that application recovery must be measured separately from transport evidence"
chrome-h3-rebinding-transient-poll-boundary-local-001,2026-06-24,PASS_NEGATIVE_CONTROL,Chrome 149 + quic-go H3 + local UDP rebinding proxy,local browser NAT rebinding proxy polling/dashboard control,HTTP/3 over QUIC,"local UDP proxy switches upstream socket A -> B at 500ms and repeats 250ms/1500ms/3000ms A+B server-to-client outage windows during polling page",false,true,"GET /browser-poll plus six sequential GET /poll requests under transient return-path outage windows",true,false,browser-multiple-quic-sessions-nat-rebinding,repro/quic-go-min-repro/artifacts/chrome-h3-rebinding-transient-poll-boundary-20260624,"9-row polling control: 250ms/1500ms/3000ms PASS 9/9 with 7 server requests per row; every row had server remote addr count 2 and Chrome target QUIC session count 2 while qlog PATH_CHALLENGE/PATH_RESPONSE count was 0/0; dashboard-like repeated fetch can preserve visible task completion through replacement/multiple sessions, not single-session browser CM or public handover"
chrome-h3-rebinding-transient-poll-long-boundary-local-001,2026-06-24,PASS_NEGATIVE_CONTROL,Chrome 149 + quic-go H3 + local UDP rebinding proxy,local browser NAT rebinding proxy polling/dashboard long-boundary control,HTTP/3 over QUIC,"local UDP proxy switches upstream socket A -> B at 500ms and repeats 4000ms/6000ms/9000ms A+B server-to-client outage windows during polling page",false,false,"GET /browser-poll plus six sequential GET /poll requests under longer transient return-path outage windows",false,false,transient-polling-dashboard-boundary,repro/quic-go-min-repro/artifacts/chrome-h3-rebinding-transient-poll-long-boundary-20260624,"9-row polling long-boundary: 4000ms PASS 1/3, 6000ms PASS 0/3, 9000ms PASS 0/3; failure rows stopped after /browser-poll and first /poll with application_complete=false, Chrome target QUIC session count 2, and qlog PATH_CHALLENGE/PATH_RESPONSE 0/0; the single 4000ms PASS row had 7 requests and qlog PATH 7/4 but still two Chrome target QUIC sessions; local dashboard transition zone, not public handover or single-session browser CM"
chrome-h3-rebinding-transient-poll-4000-replication-local-001,2026-06-25,PASS_NEGATIVE_CONTROL,Chrome 149 + quic-go H3 + local UDP rebinding proxy,local browser NAT rebinding proxy polling/dashboard 4000ms replication,HTTP/3 over QUIC,"local UDP proxy switches upstream socket A -> B at 500ms and repeats a 4000ms A+B server-to-client outage window during polling page",false,false,"GET /browser-poll plus sequential GET /poll requests under 4000ms transient return-path outage repeated 3 times",false,false,transient-polling-dashboard-boundary,repro/quic-go-min-repro/artifacts/chrome-h3-rebinding-transient-poll-4000-replication-20260625,"3-row 4000ms polling replication: PASS 0/3 with application_complete=false in every row; combined with the prior long-boundary 4000ms rows this makes 4000ms PASS 1/6 and FAIL 5/6; one fail row still had qlog PATH_CHALLENGE/PATH_RESPONSE 6/3 and three Chrome target QUIC sessions, while two fail rows had qlog PATH 0/0 and two Chrome sessions; local dashboard transition zone now leans failure-heavy, not public handover or single-session browser CM"
chrome-h3-rebinding-transient-upload-4750-replication-local-001,2026-06-25,PASS_NEGATIVE_CONTROL,Chrome 149 + quic-go H3 + local UDP rebinding proxy,local browser NAT rebinding proxy upload 4750ms replication,HTTP/3 over QUIC,"local UDP proxy switches upstream socket A -> B at 500ms and repeats a 4750ms A+B server-to-client outage window during upload page",true,false,"1MiB streaming POST /upload-sink under 4750ms transient return-path outage repeated 3 times",false,false,transient-return-path-outage-threshold,repro/quic-go-min-repro/artifacts/chrome-h3-rebinding-transient-upload-4750-replication-20260625,"3-row 4750ms upload replication: PASS 2/3 with one FAIL at DOM error timing 6920ms; combined with the prior upload fine-boundary 4750ms rows this makes 4750ms PASS 3/6 and FAIL 3/6; all rows retained qlog path validation evidence, while Chrome target QUIC session count ranged 1-2; local upload transition zone remains mixed, not public handover or guaranteed single-session browser CM"
chrome-h3-rebinding-transient-downlink-5000-5500-replication-local-001,2026-06-25,PASS_NEGATIVE_CONTROL,Chrome 149 + quic-go H3 + local UDP rebinding proxy,local browser NAT rebinding proxy downlink 5000/5500ms replication,HTTP/3 over QUIC,"local UDP proxy switches upstream socket A -> B at 500ms and repeats 5000ms/5500ms A+B server-to-client outage windows during downlink page",true,false,"1MiB streaming GET /downlink-stream under 5000ms and 5500ms transient return-path outage windows repeated 3 times each",false,false,transient-return-path-outage-threshold,repro/quic-go-min-repro/artifacts/chrome-h3-rebinding-transient-downlink-5000-5500-replication-20260625,"6-row downlink 5000/5500ms replication: 5000ms PASS 3/3 and 5500ms PASS 2/3; combined with prior fine-boundary rows this makes 5000ms PASS 5/6 and 5500ms PASS 4/6; all rows retained qlog path validation evidence, and the lone FAIL still had qlog PATH_CHALLENGE/PATH_RESPONSE 6/3; local downlink transition zone leans completion before the prior 6000ms all-fail boundary, not public handover evidence"
controlled-public-chrome-h3-baseline-001,2026-06-25,PASS,Chrome + controlled public quic-go H3,controlled public browser baseline,HTTP/3 over QUIC,controlled public application H3 baseline; no active path-change,false,true,GET /browser-slow plus streaming GET /slow-js,true,false,none,repro/quic-go-min-repro/artifacts/controlled-public-chrome-h3-baseline-001,classification controlled_public_application_h3_confirmed; controlled_public_application_h3_confirmed; controlled_public_server_qlog_h3_confirmed; client_path_change=-; server remote addr count 4; qlog path validation=false
controlled-public-chrome-downlink-noheartbeat-nochange-001,2026-06-25,PASS,Chrome + controlled public quic-go H3,controlled public browser no-change baseline,HTTP/3 over QUIC,no network change; controlled public downlink streaming without heartbeat,false,true,GET /browser-downlink then streaming GET /downlink-stream,true,false,none,repro/quic-go-min-repro/artifacts/controlled-public-chrome-downlink-noheartbeat-nochange-001,classification controlled_public_application_h3_confirmed; no_path_change_baseline; client_path_change=-; server remote addr count 3; qlog path validation=false
controlled-public-chrome-downlink-heartbeat-nochange-001,2026-06-25,PASS,Chrome + controlled public quic-go H3,controlled public browser no-change baseline,HTTP/3 over QUIC,no network change; controlled public downlink streaming with heartbeat,false,true,GET /browser-downlink then streaming GET /downlink-stream plus GET /heartbeat,true,false,none,repro/quic-go-min-repro/artifacts/controlled-public-chrome-downlink-heartbeat-nochange-001,classification controlled_public_application_h3_confirmed; no_path_change_baseline; heartbeat variant; client_path_change=-; server remote addr count 4; qlog path validation=false
controlled-public-chrome-downlink-noheartbeat-iphone-usb-network-change-001,2026-06-26,PASS_NEGATIVE_CONTROL,Chrome + controlled public quic-go H3,controlled public browser active network-change,HTTP/3 over QUIC,active path change during Chrome downlink workload; NETWORK_CHANGE_CMD executed,false,false,GET /browser-downlink then streaming GET /downlink-stream,false,false,application_task_failed_without_quic_path_validation,repro/quic-go-min-repro/artifacts/controlled-public-chrome-downlink-noheartbeat-network-change-001,classification application_task_failed_without_quic_path_validation; client_path_change=interface_set_changed_without_route_change; client_path_eventual_change=client_active_path_changed; server remote addr count 4; qlog path validation=false; target h3 remote addr count 1
controlled-public-chrome-downlink-noheartbeat-iphone-usb-network-change-002,2026-06-26,PASS_NEGATIVE_CONTROL,Chrome + controlled public quic-go H3,controlled public browser active network-change,HTTP/3 over QUIC,active path change during Chrome downlink workload; NETWORK_CHANGE_CMD executed,false,false,GET /browser-downlink then streaming GET /downlink-stream,false,false,application_task_failed_without_quic_path_validation,repro/quic-go-min-repro/artifacts/controlled-public-chrome-downlink-noheartbeat-iphone-usb-network-change-002,classification application_task_failed_without_quic_path_validation; client_path_change=client_active_path_changed; client_path_eventual_change=client_active_path_changed; server remote addr count 5; qlog path validation=false; target h3 remote addr count 1
controlled-public-chrome-downlink-noheartbeat-iphone-usb-precutover-nochange-001,2026-06-26,PASS_NEGATIVE_CONTROL,Chrome + controlled public quic-go H3,controlled public browser iPhone USB pre-cutover no-change control,HTTP/3 over QUIC,no mid-flight network change; Wi-Fi disabled before workload; default and target route pinned to iPhone USB en8,false,false,GET /browser-downlink then streaming GET /downlink-stream,false,false,application_fetch_stream_error_on_iphone_usb_nochange,repro/quic-go-min-repro/artifacts/controlled-public-chrome-downlink-noheartbeat-iphone-usb-precutover-nochange-001,classification controlled_public_application_h3_confirmed; pre-cutover default route en8; pre-cutover target route en8; cellular public IP 106.101.2.80; Chrome second_exit=0 but CDP downlinkBytes=8762 and downlinkError=TypeError network error at 2002ms; server qlog H3 confirmed; qlog path validation=false; server response_write_error=H3_NO_ERROR local
controlled-public-chrome-downlink-short-iphone-usb-precutover-nochange-001,2026-06-26,PASS,Chrome + controlled public quic-go H3,controlled public browser iPhone USB pre-cutover short no-change control,HTTP/3 over QUIC,no mid-flight network change; Wi-Fi disabled before short workload; default and target route pinned to iPhone USB en8,false,false,GET /browser-downlink then short streaming GET /downlink-stream,true,false,none,repro/quic-go-min-repro/artifacts/controlled-public-chrome-downlink-short-iphone-usb-precutover-nochange-001,classification controlled_public_application_h3_confirmed; pre-cutover default route en8; pre-cutover target route en8; cellular public IP 106.101.2.80; Chrome second_exit=0; CDP downlinkComplete=true and downlinkBytes=8390 at 3056ms; server qlog H3 confirmed; qlog path validation=false; short iPhone USB H3 application control passed
controlled-public-chrome-downlink-boundary5000-16kb-iphone-usb-precutover-nochange-001,2026-06-26,PASS,Chrome + controlled public quic-go H3,controlled public browser iPhone USB pre-cutover boundary no-change control,HTTP/3 over QUIC,no mid-flight network change; Wi-Fi disabled before workload; default and target route pinned to iPhone USB en8,false,false,GET /browser-downlink then 5s 16KB streaming GET /downlink-stream,true,false,none,repro/quic-go-min-repro/artifacts/controlled-public-chrome-downlink-boundary5000-16kb-iphone-usb-precutover-nochange-001,classification controlled_public_application_h3_confirmed; pre-cutover default route en8; pre-cutover target route en8; cellular public IP 106.101.2.80; CDP downlinkComplete=true and downlinkBytes=16576 at 5326ms; qlog chosen_alpn=2 http3_frame=18 path validation=false
controlled-public-chrome-downlink-boundary8000-32kb-iphone-usb-precutover-nochange-001,2026-06-26,PASS,Chrome + controlled public quic-go H3,controlled public browser iPhone USB pre-cutover boundary no-change control,HTTP/3 over QUIC,no mid-flight network change; Wi-Fi disabled before workload; default and target route pinned to iPhone USB en8,false,false,GET /browser-downlink then 8s 32KB streaming GET /downlink-stream,true,false,none,repro/quic-go-min-repro/artifacts/controlled-public-chrome-downlink-boundary8000-32kb-iphone-usb-precutover-nochange-001,classification controlled_public_application_h3_confirmed; pre-cutover default route en8; pre-cutover target route en8; cellular public IP 106.101.2.80; CDP downlinkComplete=true and downlinkBytes=32960 at 7045ms; qlog chosen_alpn=2 http3_frame=20 path validation=false
controlled-public-chrome-downlink-boundary12000-64kb-iphone-usb-precutover-nochange-001,2026-06-26,PASS,Chrome + controlled public quic-go H3,controlled public browser iPhone USB pre-cutover boundary no-change control,HTTP/3 over QUIC,no mid-flight network change; Wi-Fi disabled before workload; default and target route pinned to iPhone USB en8,false,false,GET /browser-downlink then 12s 64KB streaming GET /downlink-stream,true,false,none,repro/quic-go-min-repro/artifacts/controlled-public-chrome-downlink-boundary12000-64kb-iphone-usb-precutover-nochange-001,classification controlled_public_application_h3_confirmed; pre-cutover default route en8; pre-cutover target route en8; cellular public IP 106.101.2.80; CDP downlinkComplete=true and downlinkBytes=65729 at 12126ms; qlog chosen_alpn=2 http3_frame=25 path validation=false
controlled-public-chrome-downlink-boundary8000-32kb-iphone-usb-network-change-001,2026-06-26,PASS_NEGATIVE_CONTROL,Chrome + controlled public quic-go H3,controlled public browser iPhone USB active short network-change control,HTTP/3 over QUIC,active path change during stable 8s 32KB Chrome downlink workload; NETWORK_CHANGE_CMD executed,false,false,GET /browser-downlink then 8s 32KB streaming GET /downlink-stream,false,false,application_task_incomplete_without_quic_path_validation,repro/quic-go-min-repro/artifacts/controlled-public-chrome-downlink-boundary8000-32kb-iphone-usb-network-change-001,classification application_task_incomplete_without_quic_path_validation; client_path_change=client_active_path_changed en0->en8; client_path_eventual_change=client_active_path_changed en0->en8; CDP downlinkBytes=4120 with no complete/error; target h3 remote addr count 1; qlog path validation=false; matched stable no-change workload boundary8000-32kb passed
controlled-public-chrome-downlink-boundary8000-32kb-iphone-usb-network-change-002,2026-06-26,PASS_NEGATIVE_CONTROL,Chrome + controlled public quic-go H3,controlled public browser iPhone USB active short network-change control,HTTP/3 over QUIC,active path change during stable 8s 32KB Chrome downlink workload; NETWORK_CHANGE_CMD executed,false,false,GET /browser-downlink then 8s 32KB streaming GET /downlink-stream,false,false,application_task_incomplete_without_quic_path_validation,repro/quic-go-min-repro/artifacts/controlled-public-chrome-downlink-boundary8000-32kb-iphone-usb-network-change-002,classification application_task_incomplete_without_quic_path_validation; client_path_change=client_active_path_changed en0->en8; client_path_eventual_change=client_active_path_changed en0->en8; CDP downlinkBytes=8242 with no complete/error; target h3 remote addr count 1; qlog path validation=false; active 8s 32KB repetition 2/3
controlled-public-chrome-downlink-boundary8000-32kb-iphone-usb-network-change-003,2026-06-26,PASS_NEGATIVE_CONTROL,Chrome + controlled public quic-go H3,controlled public browser iPhone USB active short network-change control,HTTP/3 over QUIC,active path change during stable 8s 32KB Chrome downlink workload; NETWORK_CHANGE_CMD executed,false,false,GET /browser-downlink then 8s 32KB streaming GET /downlink-stream,false,false,application_task_incomplete_without_quic_path_validation,repro/quic-go-min-repro/artifacts/controlled-public-chrome-downlink-boundary8000-32kb-iphone-usb-network-change-003,classification application_task_incomplete_without_quic_path_validation; client_path_change=client_active_path_changed en0->en8; client_path_eventual_change=client_active_path_changed en0->en8; CDP downlinkBytes=8242 with no complete/error; target h3 remote addr count 1; qlog path validation=false; active 8s 32KB repetition 3/3
controlled-public-chrome-downlink-boundary8000-32kb-trigger4s-iphone-usb-network-change-001,2026-06-26,PASS_NEGATIVE_CONTROL,Chrome + controlled public quic-go H3,controlled public browser iPhone USB active trigger-timing control,HTTP/3 over QUIC,active path change at 4s during stable 8s 32KB Chrome downlink workload; NETWORK_CHANGE_CMD executed,false,false,GET /browser-downlink then 8s 32KB streaming GET /downlink-stream,false,false,application_task_incomplete_without_quic_path_validation,repro/quic-go-min-repro/artifacts/controlled-public-chrome-downlink-boundary8000-32kb-trigger4s-iphone-usb-network-change-001,classification application_task_incomplete_without_quic_path_validation; client_path_change=client_active_path_changed en0->en8; client_path_eventual_change=client_active_path_changed en0->en8; CDP downlinkBytes=12363; target h3 remote addr count 1; qlog path validation=false; trigger timing sweep 4s 1/3
controlled-public-chrome-downlink-boundary8000-32kb-trigger4s-iphone-usb-network-change-002,2026-06-26,PASS_NEGATIVE_CONTROL,Chrome + controlled public quic-go H3,controlled public browser iPhone USB active trigger-timing control,HTTP/3 over QUIC,active path change at 4s during stable 8s 32KB Chrome downlink workload; NETWORK_CHANGE_CMD executed,false,false,GET /browser-downlink then 8s 32KB streaming GET /downlink-stream,false,false,application_task_incomplete_without_quic_path_validation,repro/quic-go-min-repro/artifacts/controlled-public-chrome-downlink-boundary8000-32kb-trigger4s-iphone-usb-network-change-002,classification application_task_incomplete_without_quic_path_validation; client_path_change=client_active_path_changed en0->en8; client_path_eventual_change=client_active_path_changed en0->en8; CDP downlinkBytes=12363; target h3 remote addr count 1; qlog path validation=false; trigger timing sweep 4s 2/3
controlled-public-chrome-downlink-boundary8000-32kb-trigger4s-iphone-usb-network-change-003,2026-06-26,PASS_NEGATIVE_CONTROL,Chrome + controlled public quic-go H3,controlled public browser iPhone USB active trigger-timing control,HTTP/3 over QUIC,active path change at 4s during stable 8s 32KB Chrome downlink workload; NETWORK_CHANGE_CMD executed,false,false,GET /browser-downlink then 8s 32KB streaming GET /downlink-stream,false,false,application_task_incomplete_without_quic_path_validation,repro/quic-go-min-repro/artifacts/controlled-public-chrome-downlink-boundary8000-32kb-trigger4s-iphone-usb-network-change-003,classification application_task_incomplete_without_quic_path_validation; client_path_change=client_active_path_changed en0->en8; client_path_eventual_change=client_active_path_changed en0->en8; CDP downlinkBytes=16484; target h3 remote addr count 1; qlog path validation=false; trigger timing sweep 4s 3/3
controlled-public-chrome-downlink-boundary8000-32kb-trigger6s-iphone-usb-network-change-001,2026-06-26,PASS_NEGATIVE_CONTROL,Chrome + controlled public quic-go H3,controlled public browser iPhone USB active trigger-timing control,HTTP/3 over QUIC,active path change at 6s during stable 8s 32KB Chrome downlink workload; NETWORK_CHANGE_CMD executed,false,false,GET /browser-downlink then 8s 32KB streaming GET /downlink-stream,false,false,application_task_incomplete_without_quic_path_validation,repro/quic-go-min-repro/artifacts/controlled-public-chrome-downlink-boundary8000-32kb-trigger6s-iphone-usb-network-change-001,classification application_task_incomplete_without_quic_path_validation; client_path_change=client_active_path_changed en0->en8; client_path_eventual_change=client_active_path_changed en0->en8; CDP downlinkBytes=24726; target h3 remote addr count 1; qlog path validation=false; trigger timing sweep 6s 1/3
controlled-public-chrome-downlink-boundary8000-32kb-trigger6s-iphone-usb-network-change-002,2026-06-26,PASS_NEGATIVE_CONTROL,Chrome + controlled public quic-go H3,controlled public browser iPhone USB active trigger-timing control,HTTP/3 over QUIC,active path change at 6s during stable 8s 32KB Chrome downlink workload; NETWORK_CHANGE_CMD executed,false,false,GET /browser-downlink then 8s 32KB streaming GET /downlink-stream,false,false,application_task_incomplete_without_quic_path_validation,repro/quic-go-min-repro/artifacts/controlled-public-chrome-downlink-boundary8000-32kb-trigger6s-iphone-usb-network-change-002,classification application_task_incomplete_without_quic_path_validation; client_path_change=client_active_path_changed en0->en8; client_path_eventual_change=client_active_path_changed en0->en8; CDP downlinkBytes=20605; target h3 remote addr count 1; qlog path validation=false; trigger timing sweep 6s 2/3
controlled-public-chrome-downlink-boundary8000-32kb-trigger6s-iphone-usb-network-change-003,2026-06-26,PASS_NEGATIVE_CONTROL,Chrome + controlled public quic-go H3,controlled public browser iPhone USB active trigger-timing control,HTTP/3 over QUIC,active path change at 6s during stable 8s 32KB Chrome downlink workload; NETWORK_CHANGE_CMD executed,false,false,GET /browser-downlink then 8s 32KB streaming GET /downlink-stream,false,false,application_task_incomplete_without_quic_path_validation,repro/quic-go-min-repro/artifacts/controlled-public-chrome-downlink-boundary8000-32kb-trigger6s-iphone-usb-network-change-003,classification application_task_incomplete_without_quic_path_validation; client_path_change=client_active_path_changed en0->en8; client_path_eventual_change=client_active_path_changed en0->en8; CDP downlinkBytes=24726; target h3 remote addr count 1; qlog path validation=false; trigger timing sweep 6s 3/3
controlled-public-chrome-downlink-boundary8000-32kb-trigger7s-iphone-usb-network-change-001,2026-06-26,PASS_NEGATIVE_CONTROL,Chrome + controlled public quic-go H3,controlled public browser iPhone USB active trigger-timing control,HTTP/3 over QUIC,active path change at 7s during stable 8s 32KB Chrome downlink workload; NETWORK_CHANGE_CMD executed,false,false,GET /browser-downlink then 8s 32KB streaming GET /downlink-stream,false,false,application_task_incomplete_without_quic_path_validation,repro/quic-go-min-repro/artifacts/controlled-public-chrome-downlink-boundary8000-32kb-trigger7s-iphone-usb-network-change-001,classification application_task_incomplete_without_quic_path_validation; client_path_change=client_active_path_changed en0->en8; client_path_eventual_change=client_active_path_changed en0->en8; CDP downlinkBytes=24726; target h3 remote addr count 1; qlog path validation=false; trigger timing sweep 7s 1/3
controlled-public-chrome-downlink-boundary8000-32kb-trigger7s-iphone-usb-network-change-002,2026-06-26,PASS_NEGATIVE_CONTROL,Chrome + controlled public quic-go H3,controlled public browser iPhone USB active trigger-timing control,HTTP/3 over QUIC,active path change at 7s during stable 8s 32KB Chrome downlink workload; NETWORK_CHANGE_CMD executed,false,false,GET /browser-downlink then 8s 32KB streaming GET /downlink-stream,false,false,application_task_incomplete_without_quic_path_validation,repro/quic-go-min-repro/artifacts/controlled-public-chrome-downlink-boundary8000-32kb-trigger7s-iphone-usb-network-change-002,classification application_task_incomplete_without_quic_path_validation; client_path_change=client_active_path_changed en0->en8; client_path_eventual_change=client_active_path_changed en0->en8; CDP downlinkBytes=24726; target h3 remote addr count 1; qlog path validation=false; trigger timing sweep 7s 2/3
controlled-public-chrome-downlink-boundary8000-32kb-trigger7s-iphone-usb-network-change-003,2026-06-26,PASS_NEGATIVE_CONTROL,Chrome + controlled public quic-go H3,controlled public browser iPhone USB active trigger-timing control,HTTP/3 over QUIC,active path change at 7s during stable 8s 32KB Chrome downlink workload; NETWORK_CHANGE_CMD executed,false,false,GET /browser-downlink then 8s 32KB streaming GET /downlink-stream,false,false,application_task_incomplete_without_quic_path_validation,repro/quic-go-min-repro/artifacts/controlled-public-chrome-downlink-boundary8000-32kb-trigger7s-iphone-usb-network-change-003,classification application_task_incomplete_without_quic_path_validation; client_path_change=client_active_path_changed en0->en8; client_path_eventual_change=client_active_path_changed en0->en8; CDP downlinkBytes=24726; target h3 remote addr count 1; qlog path validation=false; trigger timing sweep 7s 3/3
controlled-public-chrome-downlink-boundary8000-32kb-heartbeat-iphone-usb-network-change-001,2026-06-26,PASS_NEGATIVE_CONTROL,Chrome + controlled public quic-go H3,controlled public browser iPhone USB active heartbeat diagnostic,HTTP/3 over QUIC,active path change at 2s during stable 8s 32KB Chrome downlink workload with heartbeat fetch,false,false,GET /browser-downlink then 8s 32KB streaming GET /downlink-stream plus GET /heartbeat,false,false,application_task_failed_without_quic_path_validation,repro/quic-go-min-repro/artifacts/controlled-public-chrome-downlink-boundary8000-32kb-heartbeat-iphone-usb-network-change-001,classification application_task_failed_without_quic_path_validation; heartbeatStatus=200; downlinkBytes=8242; downlinkError=TypeError network error; target h3 remote addr count 1; target h3 addr Wi-Fi public IP; qlog path validation=false
controlled-public-chrome-downlink-boundary8000-32kb-heartbeat-iphone-usb-network-change-002,2026-06-26,PASS_NEGATIVE_CONTROL,Chrome + controlled public quic-go H3,controlled public browser iPhone USB active heartbeat diagnostic,HTTP/3 over QUIC,active path change at 2s during stable 8s 32KB Chrome downlink workload with heartbeat fetch,false,false,GET /browser-downlink then 8s 32KB streaming GET /downlink-stream plus GET /heartbeat,false,false,application_task_failed_without_quic_path_validation,repro/quic-go-min-repro/artifacts/controlled-public-chrome-downlink-boundary8000-32kb-heartbeat-iphone-usb-network-change-002,classification application_task_failed_without_quic_path_validation; heartbeatStatus=200; downlinkBytes=4121; downlinkError=TypeError network error; target h3 remote addr count 1; target h3 addr Wi-Fi public IP; qlog path validation=false
controlled-public-chrome-downlink-boundary8000-32kb-heartbeat-iphone-usb-network-change-003,2026-06-26,PASS_NEGATIVE_CONTROL,Chrome + controlled public quic-go H3,controlled public browser iPhone USB active heartbeat diagnostic,HTTP/3 over QUIC,active path change at 2s during stable 8s 32KB Chrome downlink workload with heartbeat fetch,false,false,GET /browser-downlink then 8s 32KB streaming GET /downlink-stream plus GET /heartbeat,true,false,application_task_succeeded_without_observed_quic_migration,repro/quic-go-min-repro/artifacts/controlled-public-chrome-downlink-boundary8000-32kb-heartbeat-iphone-usb-network-change-003,classification application_task_succeeded_without_observed_quic_migration; heartbeatStatus=200; downlinkComplete=true; downlinkBytes=32973; target h3 remote addr count 1; target h3 addr cellular public IP; qlog path validation=false
controlled-public-chrome-downlink-boundary8000-32kb-timeout3000-retry1-iphone-usb-network-change-summary-001,2026-06-26,PASS_NEGATIVE_CONTROL,Chrome + controlled public quic-go H3,controlled public browser iPhone USB active timeout retry diagnostic,HTTP/3 over QUIC,active path change at 2s during stable 8s 32KB Chrome downlink workload with stream_timeout_ms=3000 and retry_attempts=1,false,true,GET /browser-downlink then 8s 32KB streaming GET /downlink-stream with one application-level retry,true,false,application-level-retry-recovery-without-observed-quic-cm,repro/quic-go-min-repro/artifacts/controlled-public-chrome-downlink-boundary8000-32kb-timeout3000-retry1-iphone-usb-network-change-001,3-row timeout3000 retry diagnostic PASS 3/3 for application completion; every row used one retry; target h3 remote addr count 2 in every row; Chrome target QUIC sessions 2 in every row; qlog PATH_CHALLENGE/PATH_RESPONSE 0/0 in every row; this is application-level recovery or replacement-session recovery not single-session QUIC Connection Migration
