order,trial_id,requirement_id,phase,browser,heartbeat,ready,state,required_gates,missing_gates
1,controlled-public-chrome-h3-baseline-001,chrome-controlled-public-application-h3-baseline,baseline,Chrome,n/a,True,recorded,controlled_public_config_present;public_origin_host_configured;public_origin_url_configured;tls_config_present;disk_ready;chrome_ready,
2,controlled-public-chrome-downlink-noheartbeat-nochange-001,chrome-downlink-noheartbeat-nochange-baseline,no-change-baseline,Chrome,false,True,recorded,controlled_public_config_present;public_origin_host_configured;public_origin_url_configured;tls_config_present;disk_ready;chrome_ready,
3,controlled-public-chrome-downlink-heartbeat-nochange-001,chrome-downlink-heartbeat-nochange-baseline,no-change-baseline,Chrome,true,True,recorded,controlled_public_config_present;public_origin_host_configured;public_origin_url_configured;tls_config_present;disk_ready;chrome_ready,
4,controlled-public-chrome-downlink-noheartbeat-network-change-001,chrome-downlink-noheartbeat-active-cm,active-network-change,Chrome,false,False,blocked,controlled_public_config_present;public_origin_host_configured;public_origin_url_configured;tls_config_present;disk_ready;chrome_ready;baseline_summary_ready;network_change_command_present;desktop_secondary_path_ready,baseline_summary_ready;network_change_command_present;desktop_secondary_path_ready
5,controlled-public-chrome-downlink-noheartbeat-network-change-002,chrome-downlink-noheartbeat-active-cm,active-network-change,Chrome,false,False,blocked,controlled_public_config_present;public_origin_host_configured;public_origin_url_configured;tls_config_present;disk_ready;chrome_ready;baseline_summary_ready;network_change_command_present;desktop_secondary_path_ready,baseline_summary_ready;network_change_command_present;desktop_secondary_path_ready
6,controlled-public-chrome-downlink-noheartbeat-network-change-003,chrome-downlink-noheartbeat-active-cm,active-network-change,Chrome,false,False,blocked,controlled_public_config_present;public_origin_host_configured;public_origin_url_configured;tls_config_present;disk_ready;chrome_ready;baseline_summary_ready;network_change_command_present;desktop_secondary_path_ready,baseline_summary_ready;network_change_command_present;desktop_secondary_path_ready
7,controlled-public-chrome-downlink-heartbeat-network-change-001,chrome-downlink-heartbeat-active-cm,active-network-change,Chrome,true,False,blocked,controlled_public_config_present;public_origin_host_configured;public_origin_url_configured;tls_config_present;disk_ready;chrome_ready;baseline_summary_ready;network_change_command_present;desktop_secondary_path_ready,baseline_summary_ready;network_change_command_present;desktop_secondary_path_ready
8,controlled-public-chrome-downlink-heartbeat-network-change-002,chrome-downlink-heartbeat-active-cm,active-network-change,Chrome,true,False,blocked,controlled_public_config_present;public_origin_host_configured;public_origin_url_configured;tls_config_present;disk_ready;chrome_ready;baseline_summary_ready;network_change_command_present;desktop_secondary_path_ready,baseline_summary_ready;network_change_command_present;desktop_secondary_path_ready
9,controlled-public-chrome-downlink-heartbeat-network-change-003,chrome-downlink-heartbeat-active-cm,active-network-change,Chrome,true,False,blocked,controlled_public_config_present;public_origin_host_configured;public_origin_url_configured;tls_config_present;disk_ready;chrome_ready;baseline_summary_ready;network_change_command_present;desktop_secondary_path_ready,baseline_summary_ready;network_change_command_present;desktop_secondary_path_ready
10,controlled-public-safari-downlink-network-change-001,p1-safari-or-android-feasibility,p1-feasibility,Safari,false,False,blocked,controlled_public_config_present;public_origin_host_configured;public_origin_url_configured;tls_config_present;disk_ready;safari_webdriver_ready;desktop_secondary_path_ready;baseline_summary_ready;network_change_command_present,desktop_secondary_path_ready;baseline_summary_ready;network_change_command_present
